{ "name": "100 Day Trading Challenge", "short_name": "100 Day Challenge", "description": "The official
tracker for the 100 Day Spot Trading Discipline Challenge.", "start_url": "./index.html", "display":
"standalone", "background_color": "#0f172a", "theme_color": "#0f172a", "icons": [ { "src":
"https://www.google.com/search?q=https://placehold.co/192x192/065f46/ffffff%3Ftext%3DTD100",
"sizes": "192x192", "type": "image/png" }, { "src": "https://www.google.com/search?
q=https://placehold.co/512x512/065f46/ffffff%3Ftext%3DTD100", "sizes": "512x512", "type":
"image/png" } ] }